{"median5x5_gaussian_30": 10.5903906621608, "salt_005": 0.888966971579772, "box5x5_gaussian_10": 12.207823988563717, "box3x3_salt_01": 5.7152560953102896, "guassian_10": 13.59586403520325, "median3x3_gaussian_10": 11.376251576824396, "box3x3_salt_005": 8.044188313970405, "opening_then_closing_salt_01": -2.363488157934934, "opening_then_closing_guassian_10": 3.921838938660314, "guassian_30": 2.843607884059776, "median3x3_salt_005": 11.568399509484646, "box5x5_gaussian_30": 10.391294252505126, "median5x5_gaussian_10": 11.873006606871927, "closing_then_opening_guassian_30": 3.7088469613481156, "opening_then_closing_salt_005": 1.0955524975846964, "box5x5_salt_005": 9.90824845329611, "closing_then_opening_salt_01": -2.9024139143944176, "box3x3_gaussian_30": 9.029590778297788, "salt_01": -2.0731508877723464, "closing_then_opening_salt_005": 2.1044799499562625, "box3x3_gaussian_10": 11.974481792142601, "median5x5_salt_005": 11.856822286658469, "median3x3_salt_01": 10.550473711876682, "median5x5_salt_01": 11.693402203100225, "median3x3_gaussian_30": 8.837360442116818, "box5x5_salt_01": 7.885467745009408, "opening_then_closing_guassian_30": 3.4373290113403825, "closing_then_opening_guassian_10": 3.8914799831460405}